day_type,hour_of_day,days,departures,avg_departures_per_day
weekday,22,22,82651,3756.9
weekday,16,22,222971,10135.0
weekday,11,22,119788,5444.9
weekday,15,22,186224,8464.7
weekend,12,8,64694,8086.8
weekend,6,8,7286,910.8
weekday,0,22,24527,1114.9
weekend,20,8,30572,3821.5
weekend,3,8,5520,690.0
weekday,21,22,105245,4783.9
weekday,1,22,12169,553.1
weekend,9,8,40023,5002.9
weekday,23,22,55126,2505.7
weekend,14,8,63707,7963.4
weekend,17,8,60164,7520.5
weekday,4,22,7249,329.5
weekend,5,8,3411,426.4
weekend,21,8,23404,2925.5
weekend,1,8,12667,1583.4
weekday,9,22,172209,7827.7
weekday,17,22,321021,14591.9
weekday,14,22,161273,7330.6
weekday,5,22,23209,1055.0
weekend,23,8,14767,1845.9
weekend,4,8,3706,463.3
weekend,10,8,52886,6610.8
weekday,8,22,234329,10651.3
weekday,19,22,218530,9933.2
weekday,13,22,146188,6644.9
weekday,7,22,148521,6751.0
weekend,18,8,56135,7016.9
weekend,2,8,8461,1057.6
weekday,18,22,301275,13694.3
weekday,10,22,120297,5468.0
weekend,19,8,45404,5675.5
weekend,13,8,65517,8189.6
weekday,2,22,7500,340.9
weekend,7,8,14468,1808.5
weekend,8,8,26776,3347.0
weekday,12,22,135948,6179.5
weekend,15,8,63355,7919.4
weekday,20,22,142765,6489.3
weekend,11,8,60763,7595.4
weekend,16,8,62295,7786.9
weekday,6,22,70731,3215.0
weekend,0,8,18165,2270.6
weekend,22,8,19140,2392.5
weekday,3,22,5107,232.1
